model,mae,mse,rmse,r2_score,mape,median_absolute_error,cv_mean_r2,cv_std_r2
Dummy Baseline,35593055.55555555,4431479305555556.5,66569357.10637107,-0.0775868347925297,0.7356273909411674,18099999.999999963,-0.019858484324961134,0.024098180559613738
Linear Regression,22959874.69869531,9310023063882762.0,96488460.78098024,-1.2638847196415282,0.27797795449155593,6601473.784697823,0.07687283922911607,1.3809511915922479
Decision Tree,11253771.000005644,484571443952868.0,22012983.531381384,0.8821685102161264,0.2171618567458799,5683346.170911001,0.82450670982956,0.05427581941606406
Random Forest,12664895.882353054,946196833222893.1,30760312.63207338,0.7699167297644531,0.1882110841532264,4859733.075892113,0.8939737450953388,0.035011394990894715
Gradient Boosting,12780679.609950555,1083710347556110.2,32919756.189196028,0.736478064606803,0.1682943685689403,5071222.246395847,0.8964249086176468,0.027356797924446553
XGBoost,13277031.0,1211080785264640.0,34800585.99024792,0.7055058479309082,0.19642920792102814,5008642.0,0.8762486352859267,0.03787342711734041
CatBoost,15704881.78319716,1951018558370381.0,44170335.72852238,0.5255778560671278,0.19450992342149817,4681329.3236617185,0.8952701825187696,0.027220461733149775
